-- MySQL dump 10.13  Distrib 5.7.17, for Win64 (x86_64)
--
-- Host: localhost    Database: diplom
-- ------------------------------------------------------
-- Server version	5.7.18-log

/*!40101 SET @OLD_CHARACTER_SET_CLIENT=@@CHARACTER_SET_CLIENT */;
/*!40101 SET @OLD_CHARACTER_SET_RESULTS=@@CHARACTER_SET_RESULTS */;
/*!40101 SET @OLD_COLLATION_CONNECTION=@@COLLATION_CONNECTION */;
/*!40101 SET NAMES utf8 */;
/*!40103 SET @OLD_TIME_ZONE=@@TIME_ZONE */;
/*!40103 SET TIME_ZONE='+00:00' */;
/*!40014 SET @OLD_UNIQUE_CHECKS=@@UNIQUE_CHECKS, UNIQUE_CHECKS=0 */;
/*!40014 SET @OLD_FOREIGN_KEY_CHECKS=@@FOREIGN_KEY_CHECKS, FOREIGN_KEY_CHECKS=0 */;
/*!40101 SET @OLD_SQL_MODE=@@SQL_MODE, SQL_MODE='NO_AUTO_VALUE_ON_ZERO' */;
/*!40111 SET @OLD_SQL_NOTES=@@SQL_NOTES, SQL_NOTES=0 */;

--
-- Table structure for table `company`
--

DROP TABLE IF EXISTS `company`;
/*!40101 SET @saved_cs_client     = @@character_set_client */;
/*!40101 SET character_set_client = utf8 */;
CREATE TABLE `company` (
  `id` int(11) NOT NULL AUTO_INCREMENT,
  `title` varchar(45) DEFAULT NULL,
  PRIMARY KEY (`id`)
) ENGINE=InnoDB DEFAULT CHARSET=utf8;
/*!40101 SET character_set_client = @saved_cs_client */;

--
-- Dumping data for table `company`
--

LOCK TABLES `company` WRITE;
/*!40000 ALTER TABLE `company` DISABLE KEYS */;
/*!40000 ALTER TABLE `company` ENABLE KEYS */;
UNLOCK TABLES;

--
-- Table structure for table `country`
--

DROP TABLE IF EXISTS `country`;
/*!40101 SET @saved_cs_client     = @@character_set_client */;
/*!40101 SET character_set_client = utf8 */;
CREATE TABLE `country` (
  `id` int(11) NOT NULL AUTO_INCREMENT,
  `name` varchar(45) DEFAULT NULL,
  `postcode` varchar(45) DEFAULT NULL,
  `tax` int(11) DEFAULT NULL,
  PRIMARY KEY (`id`)
) ENGINE=InnoDB AUTO_INCREMENT=9 DEFAULT CHARSET=utf8;
/*!40101 SET character_set_client = @saved_cs_client */;

--
-- Dumping data for table `country`
--

LOCK TABLES `country` WRITE;
/*!40000 ALTER TABLE `country` DISABLE KEYS */;
INSERT INTO `country` VALUES (1,'Россия',NULL,NULL),(2,'США',NULL,NULL),(3,'Индонезия',NULL,NULL),(4,'Дания',NULL,NULL),(5,'Голландия',NULL,NULL),(6,'Франция',NULL,NULL),(7,'Испания',NULL,NULL),(8,'КНР',NULL,NULL);
/*!40000 ALTER TABLE `country` ENABLE KEYS */;
UNLOCK TABLES;

--
-- Table structure for table `marker`
--

DROP TABLE IF EXISTS `marker`;
/*!40101 SET @saved_cs_client     = @@character_set_client */;
/*!40101 SET character_set_client = utf8 */;
CREATE TABLE `marker` (
  `id` int(11) NOT NULL AUTO_INCREMENT,
  `latitude` double DEFAULT NULL,
  `longitude` double DEFAULT NULL,
  `route_id` int(11) DEFAULT NULL,
  `path_num` int(11) DEFAULT NULL,
  PRIMARY KEY (`id`),
  KEY `route_id_foreign_key_idx` (`route_id`),
  CONSTRAINT `route_id_foreign_key` FOREIGN KEY (`route_id`) REFERENCES `route` (`id`) ON DELETE CASCADE ON UPDATE NO ACTION
) ENGINE=InnoDB AUTO_INCREMENT=360 DEFAULT CHARSET=utf8;
/*!40101 SET character_set_client = @saved_cs_client */;

--
-- Dumping data for table `marker`
--

LOCK TABLES `marker` WRITE;
/*!40000 ALTER TABLE `marker` DISABLE KEYS */;
INSERT INTO `marker` VALUES (1,36.52978,-6.29465,1,1),(2,37.82709416666667,-3.796116666666666,1,2),(3,39.124408333333335,-1.2975833333333338,1,3),(4,40.4217225,1.2009500000000006,1,4),(5,41.07208540247605,4.364156184895819,1,5),(6,43.016350833333334,6.198016666666666,1,6),(7,44.313665,8.696549999999998,1,7),(8,45.21379338193426,11.936660481770787,1,8),(9,47.07316022390914,12.957532682291685,1,9),(10,48.2056075,16.19215,1,10),(11,49.502921666666666,18.690683333333336,1,11),(12,50.80023583333333,21.18921666666667,1,12),(13,36.52978,-6.29465,2,1),(14,37.09371083333334,-5.321673333333332,2,2),(15,37.65764166666667,-4.348696666666667,2,3),(16,38.2215725,-3.3757199999999994,2,4),(17,38.78550333333334,-2.4027433333333343,2,5),(18,39.34943416666667,-1.429766666666667,2,6),(19,39.913365,-0.45679000000000025,2,7),(20,40.477295833333336,0.5161866666666657,2,8),(21,41.04122666666667,1.489163333333333,2,9),(22,41.605157500000004,2.4621399999999998,2,10),(23,42.169088333333335,3.4351166666666675,2,11),(24,42.73301916666667,4.408093333333334,2,12),(25,36.52978,-6.29465,3,1),(26,37.296573038533474,-1.1845453124999494,3,2),(27,39.90959732848025,2.3490212890625344,3,3),(28,42.91320646343204,3.943500976562518,3,4),(29,44.313665,8.69655,3,5),(30,46.25963625,12.44435,3,6),(31,48.2056075,16.19215,3,7),(32,50.15157875,19.939950000000003,3,8),(33,36.52978,-6.29465,4,1),(34,37.169563600000004,-5.506442799999999,4,2),(35,37.809347200000005,-4.7182356,4,3),(36,38.449130800000006,-3.9300284,4,4),(37,39.0889144,-3.1418211999999994,4,5),(38,39.72869800000001,-2.3536140000000003,4,6),(39,40.3684816,-1.5654068000000003,4,7),(40,41.0082652,-0.777199599999999,4,8),(41,42.9963778843788,-3.614480681250029,4,9),(42,42.2878324,0.7992147999999997,4,10),(43,42.927616,1.5874219999999988,4,11),(44,43.5673996,2.3756291999999983,4,12),(45,44.207183199999996,3.163836399999999,4,13),(46,44.8469668,3.9520435999999983,4,14),(47,45.4867504,4.740250799999998,4,15),(48,46.126534,5.528457999999999,4,16),(49,46.7663176,6.316665200000001,4,17),(50,47.4061012,7.1048724000000005,4,18),(51,48.0458848,7.893079600000002,4,19),(52,49.03261250996413,7.582653987499953,4,20),(53,49.325452,9.469494000000003,4,21),(54,49.65328350062813,12.894419950000042,4,22),(55,50.97311785784203,9.70557636875003,4,23),(56,51.086350994849845,12.603158568749905,4,24),(57,52.18197345773851,11.314949753125006,4,25),(58,43.29695,5.38107,5,1),(59,43.496963636363645,5.797130909090909,5,2),(60,43.696977272727274,6.213191818181818,5,3),(61,43.89699090909092,6.629252727272728,5,4),(62,44.097004545454546,7.045313636363636,5,5),(63,44.29701818181818,7.461374545454547,5,6),(64,44.497031818181824,7.877435454545456,5,7),(65,44.69704545454545,8.293496363636365,5,8),(66,44.89705909090909,8.709557272727274,5,9),(67,45.09707272727273,9.125618181818183,5,10),(68,45.29708636363637,9.541679090909092,5,11),(69,45.4971,9.957740000000001,5,12),(70,45.69711363636364,10.37380090909091,5,13),(71,45.897127272727275,10.78986181818182,5,14),(72,46.09714090909091,11.205922727272728,5,15),(73,46.297154545454546,11.621983636363636,5,16),(74,46.49716818181818,12.038044545454547,5,17),(75,46.69718181818182,12.454105454545454,5,18),(76,46.897195454545454,12.870166363636363,5,19),(77,47.09720909090909,13.28622727272727,5,20),(78,47.297222727272725,13.70228818181818,5,21),(79,47.49723636363637,14.11834909090909,5,22),(80,47.697250000000004,14.534409999999998,5,23),(81,47.89726363636363,14.950470909090908,5,24),(82,48.09727727272727,15.366531818181816,5,25),(83,48.297290909090904,15.782592727272725,5,26),(84,48.49730454545454,16.198653636363634,5,27),(85,48.697318181818176,16.614714545454543,5,28),(86,48.89733181818182,17.030775454545452,5,29),(87,49.09734545454545,17.44683636363636,5,30),(88,49.29735909090909,17.862897272727267,5,31),(89,49.49737272727272,18.278958181818176,5,32),(90,49.69738636363636,18.695019090909085,5,33),(91,49.8974,19.111079999999994,5,34),(92,50.09741363636364,19.527140909090903,5,35),(93,50.29742727272727,19.943201818181812,5,36),(94,50.497440909090905,20.35926272727272,5,37),(95,50.69745454545454,20.77532363636363,5,38),(96,50.897468181818176,21.19138454545454,5,39),(97,51.09748181818181,21.60744545454545,5,40),(98,51.29749545454545,22.023506363636358,5,41),(99,51.49750909090909,22.439567272727263,5,42),(100,51.69752272727272,22.855628181818172,5,43),(101,51.897536363636355,23.27168909090908,5,44),(102,52.09754999999999,23.68774999999999,5,45),(103,36.52978,-6.29465,6,1),(104,37.98383363636364,-4.50327,6,2),(105,39.437887272727274,-2.71189,6,3),(106,40.891940909090906,-0.9205100000000002,6,4),(107,42.345994545454545,0.87087,6,5),(108,43.800048181818184,2.6622500000000007,6,6),(109,45.25410181818182,4.45363,6,7),(110,46.70815545454546,6.245010000000001,6,8),(111,48.16220909090909,8.036390000000003,6,9),(112,49.616262727272726,9.827770000000003,6,10),(113,51.070316363636366,11.619150000000003,6,11),(114,52.52437,13.41053,7,1),(115,52.118447619047615,13.81955238095238,7,2),(116,51.71252523809524,14.228574761904762,7,3),(117,51.306602857142856,14.637597142857143,7,4),(118,50.90068047619047,15.046619523809523,7,5),(119,50.49475809523809,15.455641904761904,7,6),(120,50.088835714285715,15.864664285714287,7,7),(121,49.68291333333333,16.273686666666666,7,8),(122,49.27699095238095,16.682709047619046,7,9),(123,48.871068571428566,17.09173142857143,7,10),(124,48.46514619047619,17.500753809523808,7,11),(125,48.05922380952381,17.90977619047619,7,12),(126,47.653301428571424,18.318798571428573,7,13),(127,47.24737904761905,18.727820952380952,7,14),(128,46.841456666666666,19.13684333333333,7,15),(129,46.43553428571428,19.545865714285714,7,16),(130,46.02961190476191,19.954888095238097,7,17),(131,52.4108376166837,37.50258235119054,7,18),(132,45.21776714285714,20.772932857142862,7,19),(133,44.81184476190476,21.18195523809524,7,20),(134,44.405922380952376,21.59097761904762,7,21),(135,6.93194,79.84778,8,1),(136,10.731309166666666,74.3113425,8,2),(137,14.53067833333333,68.774905,8,3),(138,18.3300475,63.2384675,8,4),(139,22.129416666666664,57.70203000000001,8,5),(140,25.92878583333333,52.1655925,8,6),(141,29.728154999999994,46.629155,8,7),(142,33.52752416666666,41.092717500000006,8,8),(143,37.32689333333333,35.55628,8,9),(144,41.126262499999996,30.0198425,8,10),(145,44.92563166666667,24.483404999999998,8,11),(146,48.72500083333333,18.946967499999996,8,12),(147,6.93194,79.84778,9,1),(148,8.7385644,77.60137879999999,9,2),(149,10.545188800000002,75.35497760000001,9,3),(150,12.351813199999999,73.1085764,9,4),(151,14.1584376,70.8621752,9,5),(152,15.965062000000001,68.615774,9,6),(153,17.7716864,66.36937280000001,9,7),(154,19.5783108,64.1229716,9,8),(155,21.3849352,61.8765704,9,9),(156,23.191559599999998,59.6301692,9,10),(157,24.998184,57.383768,9,11),(158,26.804808399999995,55.1373668,9,12),(159,28.611432799999996,52.8909656,9,13),(160,30.418057199999993,50.64456440000001,9,14),(161,32.2246816,48.3981632,9,15),(162,34.031306,46.151762000000005,9,16),(163,35.837930400000005,43.9053608,9,17),(164,37.6445548,41.6589596,9,18),(165,39.451179200000006,39.412558399999995,9,19),(166,41.25780360000001,37.166157199999994,9,20),(167,43.06442800000001,34.91975599999999,9,21),(168,44.87105240000001,32.67335479999999,9,22),(169,46.677676800000015,30.426953599999987,9,23),(170,48.484301200000004,28.180552399999986,9,24),(171,50.29092560000001,25.934151199999985,9,25),(172,43.29695,5.38107,10,1),(173,44.06590166666666,6.050191666666667,10,2),(174,44.834853333333335,6.719313333333334,10,3),(175,45.603805,7.388434999999999,10,4),(176,46.37275666666667,8.057556666666667,10,5),(177,47.141708333333334,8.726678333333334,10,6),(178,47.91065999999999,9.3958,10,7),(179,48.679611666666666,10.064921666666667,10,8),(180,49.448563333333325,10.734043333333332,10,9),(181,50.217515,11.403165,10,10),(182,50.986466666666665,12.072286666666667,10,11),(183,51.75541833333333,12.741408333333334,10,12),(184,-6.53494,12.34134,11,1),(185,-4.484239047619047,11.453911904761906,11,2),(186,-2.4335380952380956,10.56648380952381,11,3),(187,-0.3828371428571433,9.679055714285715,11,4),(188,1.6678638095238094,8.79162761904762,11,5),(189,3.718564761904763,7.904199523809524,11,6),(190,5.769265714285714,7.016771428571429,11,7),(191,7.819966666666666,6.129343333333336,11,8),(192,9.87066761904762,5.241915238095238,11,9),(193,11.921368571428573,4.354487142857144,11,10),(194,13.972069523809523,3.467059047619048,11,11),(195,16.022770476190473,2.579630952380954,11,12),(196,18.073471428571427,1.6922028571428576,11,13),(197,20.124172380952384,0.804774761904762,11,14),(198,22.174873333333338,-0.0826533333333348,11,15),(199,24.225574285714295,-0.9700814285714312,11,16),(200,26.27627523809525,-1.8575095238095272,11,17),(201,28.326976190476202,-2.744937619047623,11,18),(202,30.377677142857156,-3.6323657142857195,11,19),(203,32.42837809523811,-4.519793809523816,11,20),(204,34.47907904761907,-5.4072219047619114,11,21),(205,6.93194,79.84778,12,1),(206,9.004323181818183,76.827905,12,2),(207,11.076706363636363,73.80803,12,3),(208,13.149089545454544,70.78815499999999,12,4),(209,15.221472727272728,67.76827999999999,12,5),(210,17.293855909090908,64.748405,12,6),(211,19.366239090909094,61.72853,12,7),(212,21.438622272727276,58.708655,12,8),(213,23.511005454545455,55.688779999999994,12,9),(214,25.583388636363637,52.668904999999995,12,10),(215,27.655771818181822,49.649029999999996,12,11),(216,29.728155000000005,46.629155,12,12),(217,31.800538181818187,43.60927999999999,12,13),(218,33.872921363636365,40.589405,12,14),(219,35.94530454545455,37.56953,12,15),(220,38.01768772727272,34.549655,12,16),(221,40.090070909090905,31.529780000000006,12,17),(222,42.16245409090908,28.50990500000001,12,18),(223,44.23483727272726,25.49003000000001,12,19),(224,46.307220454545444,22.470155000000013,12,20),(225,48.379603636363626,19.450280000000017,12,21),(226,50.4519868181818,16.430405000000018,12,22),(227,52.52436999999998,13.410530000000021,12,23),(228,6.93194,79.84778,13,1),(229,8.914219565217392,76.95920391304348,13,2),(230,10.896499130434783,74.07062782608695,13,3),(231,12.878778695652173,71.18205173913044,13,4),(232,14.861058260869566,68.29347565217391,13,5),(233,16.843337826086955,65.40489956521739,13,6),(234,18.825617391304345,62.516323478260865,13,7),(235,20.807896956521738,59.62774739130435,13,8),(236,22.79017652173913,56.73917130434783,13,9),(237,24.77245608695652,53.85059521739131,13,10),(238,26.754735652173906,50.96201913043478,13,11),(239,28.7370152173913,48.07344304347827,13,12),(240,30.71929478260869,45.184866956521745,13,13),(241,32.701574347826075,42.296290869565226,13,14),(242,34.68385391304347,39.40771478260871,13,15),(243,36.66613347826086,36.51913869565219,13,16),(244,38.64841304347824,33.63056260869567,13,17),(245,40.63069260869564,30.74198652173915,13,18),(246,42.61297217391303,27.853410434782624,13,19),(247,44.59525173913042,24.96483434782611,13,20),(248,46.57753130434781,22.076258260869587,13,21),(249,48.5598108695652,19.187682173913068,13,22),(250,50.54209043478259,16.29910608695655,13,23),(251,52.524369999999976,13.41053000000003,13,24),(252,36.52978,-6.29465,14,1),(253,36.811745416666675,-5.808161666666667,14,2),(254,37.09371083333334,-5.321673333333332,14,3),(255,37.37567625,-4.835185,14,4),(256,37.65764166666667,-4.348696666666667,14,5),(257,37.939607083333335,-3.862208333333334,14,6),(258,38.2215725,-3.37572,14,7),(259,38.503537916666666,-2.8892316666666664,14,8),(260,38.78550333333334,-2.4027433333333343,14,9),(261,39.06746875,-1.916255,14,10),(262,39.34943416666667,-1.4297666666666657,14,11),(263,39.631399583333334,-0.9432783333333328,14,12),(264,39.913365,-0.4567899999999998,14,13),(265,40.195330416666664,0.02969833333333316,14,14),(266,40.477295833333336,0.5161866666666657,14,15),(267,40.75926125,1.0026749999999987,14,16),(268,41.041226666666674,1.489163333333332,14,17),(269,41.32319208333334,1.9756516666666648,14,18),(270,41.605157500000004,2.462139999999998,14,19),(271,41.88712291666666,2.9486283333333305,14,20),(272,42.169088333333335,3.4351166666666635,14,21),(273,42.45105375,3.921604999999996,14,22),(274,42.733019166666665,4.408093333333329,14,23),(275,43.01498458333334,4.894581666666662,14,24),(276,43.296949999999995,5.381069999999995,14,25),(277,52.52437,13.41053,15,1),(278,51.191487499999994,11.768431666666666,15,2),(279,49.858605,10.126333333333333,15,3),(280,48.5257225,8.484235,15,4),(281,47.192840000000004,6.842136666666668,15,5),(282,45.8599575,5.2000383333333335,15,6),(283,44.527074999999996,3.5579400000000003,15,7),(284,43.1941925,1.915841666666668,15,8),(285,41.86131,0.2737433333333339,15,9),(286,40.5284275,-1.3683549999999998,15,10),(287,39.195545,-3.0104533333333343,15,11),(288,37.8626625,-4.6525516666666675,15,12),(289,6.93194,79.84778,16,1),(290,10.695740833333332,75.1677775,16,2),(291,14.459541666666667,70.487775,16,3),(292,18.2233425,65.8077725,16,4),(293,21.987143333333332,61.127770000000005,16,5),(294,25.750944166666663,56.4477675,16,6),(295,29.514744999999994,51.767765,16,7),(296,33.278545833333325,47.087762500000004,16,8),(297,37.04234666666666,42.40776,16,9),(298,40.806147499999994,37.7277575,16,10),(299,44.569948333333336,33.047754999999995,16,11),(300,48.333749166666664,28.367752499999995,16,12),(301,36.52978,-6.29465,17,1),(302,37.126798,-6.14673,17,2),(303,37.72381600000001,-5.99881,17,3),(304,38.320834000000005,-5.85089,17,4),(305,38.917852,-5.70297,17,5),(306,39.51487,-5.5550500000000005,17,6),(307,40.11188800000001,-5.40713,17,7),(308,40.708906,-5.2592099999999995,17,8),(309,41.305924,-5.1112899999999994,17,9),(310,41.902941999999996,-4.96337,17,10),(311,42.49996,-4.81545,17,11),(312,43.096978,-4.66753,17,12),(313,43.693996,-4.51961,17,13),(314,44.291014000000004,-4.37169,17,14),(315,44.888031999999995,-4.22377,17,15),(316,45.48505,-4.07585,17,16),(317,46.082068,-3.92793,17,17),(318,46.679086000000005,-3.78001,17,18),(319,47.276104000000004,-3.63209,17,19),(320,47.873122,-3.4841699999999998,17,20),(321,48.47014,-3.3362499999999993,17,21),(322,49.067158000000006,-3.1883299999999988,17,22),(323,49.664176000000005,-3.0404099999999987,17,23),(324,50.261194,-2.892489999999999,17,24),(325,50.858212,-2.744569999999999,17,25),(326,59.93863,30.31413,18,1),(327,59.434336666666674,29.55858272727273,18,2),(328,58.93004333333334,28.803035454545455,18,3),(329,58.42575,28.04748818181818,18,4),(330,57.92145666666667,27.291940909090908,18,5),(331,57.417163333333335,26.536393636363638,18,6),(332,56.91287,25.78084636363636,18,7),(333,56.40857666666667,25.02529909090909,18,8),(334,55.90428333333333,24.269751818181817,18,9),(335,55.39999,23.514204545454547,18,10),(336,54.89569666666667,22.758657272727273,18,11),(337,54.391403333333336,22.00311,18,12),(338,53.88711000000001,21.247562727272726,18,13),(339,53.38281666666667,20.492015454545456,18,14),(340,52.878523333333334,19.736468181818186,18,15),(341,52.37423000000001,18.980920909090912,18,16),(342,51.869936666666675,18.225373636363642,18,17),(343,51.36564333333334,17.46982636363637,18,18),(344,50.86135000000001,16.714279090909095,18,19),(345,50.35705666666668,15.958731818181825,18,20),(346,49.85276333333334,15.203184545454555,18,21),(347,49.348470000000006,14.447637272727281,18,22),(348,48.84417666666668,13.69209000000001,18,23),(349,48.33988333333335,12.936542727272737,18,24),(350,47.83559000000001,12.180995454545466,18,25),(351,47.331296666666674,11.425448181818194,18,26),(352,46.827003333333344,10.66990090909092,18,27),(353,46.322710000000015,9.91435363636365,18,28),(354,45.81841666666668,9.158806363636376,18,29),(355,45.31412333333334,8.403259090909105,18,30),(356,44.80983000000001,7.647711818181833,18,31),(357,44.305536666666676,6.892164545454561,18,32),(358,43.801243333333346,6.136617272727289,18,33),(359,43.29695000000002,5.381070000000017,18,34);
/*!40000 ALTER TABLE `marker` ENABLE KEYS */;
UNLOCK TABLES;

--
-- Table structure for table `port`
--

DROP TABLE IF EXISTS `port`;
/*!40101 SET @saved_cs_client     = @@character_set_client */;
/*!40101 SET character_set_client = utf8 */;
CREATE TABLE `port` (
  `id` int(11) NOT NULL AUTO_INCREMENT,
  `country_id` int(11) NOT NULL,
  `name` varchar(45) DEFAULT NULL,
  `latitude` double DEFAULT NULL,
  `longitude` double DEFAULT NULL,
  PRIMARY KEY (`id`,`country_id`),
  KEY `fk_port_country1_idx` (`country_id`),
  CONSTRAINT `fk_port_country1` FOREIGN KEY (`country_id`) REFERENCES `country` (`id`) ON DELETE NO ACTION ON UPDATE NO ACTION
) ENGINE=InnoDB AUTO_INCREMENT=24 DEFAULT CHARSET=utf8;
/*!40101 SET character_set_client = @saved_cs_client */;

--
-- Dumping data for table `port`
--

LOCK TABLES `port` WRITE;
/*!40000 ALTER TABLE `port` DISABLE KEYS */;
INSERT INTO `port` VALUES (17,7,'Кадис',36.52978,-6.29465),(18,6,'Марсель',43.29695,5.38107),(19,6,'Брест',48.4,-4.48333),(20,5,'Роттердам',51.45523,-2.59665),(21,4,'Орхус',56.15674,10.21076),(22,4,'Копенгаген',55.67594,12.56553),(23,2,'Санкт-Петербург',59.93863,30.31413);
/*!40000 ALTER TABLE `port` ENABLE KEYS */;
UNLOCK TABLES;

--
-- Table structure for table `route`
--

DROP TABLE IF EXISTS `route`;
/*!40101 SET @saved_cs_client     = @@character_set_client */;
/*!40101 SET character_set_client = utf8 */;
CREATE TABLE `route` (
  `id` int(11) NOT NULL AUTO_INCREMENT,
  `port_id_from` int(11) NOT NULL,
  `port_id_to` int(11) NOT NULL,
  `number_points` int(11) DEFAULT NULL,
  `distance` double DEFAULT NULL,
  `length` double DEFAULT NULL,
  `width` double DEFAULT NULL,
  `draught` double DEFAULT NULL,
  `masut` int(11) DEFAULT NULL,
  `title` varchar(45) DEFAULT NULL,
  PRIMARY KEY (`id`,`port_id_from`,`port_id_to`),
  KEY `fk_route_port1_idx` (`port_id_from`),
  KEY `fk_route_port2_idx` (`port_id_to`),
  CONSTRAINT `fk_route_port1` FOREIGN KEY (`port_id_from`) REFERENCES `port` (`id`) ON DELETE NO ACTION ON UPDATE NO ACTION,
  CONSTRAINT `fk_route_port2` FOREIGN KEY (`port_id_to`) REFERENCES `port` (`id`) ON DELETE NO ACTION ON UPDATE NO ACTION
) ENGINE=InnoDB AUTO_INCREMENT=19 DEFAULT CHARSET=utf8;
/*!40101 SET character_set_client = @saved_cs_client */;

--
-- Dumping data for table `route`
--

LOCK TABLES `route` WRITE;
/*!40000 ALTER TABLE `route` DISABLE KEYS */;
INSERT INTO `route` VALUES (4,17,21,25,470,225,32,10000,1,'тест'),(5,18,19,44,870,235,25,12000,0,NULL),(6,17,20,11,345,250,27,20000,1,NULL),(13,20,21,23,545,200,20,15000,0,NULL),(14,17,18,24,200,200,20,20000,0,NULL),(15,21,17,12,324,200,22,18000,0,NULL),(16,20,19,12,230,120,23,20000,0,NULL),(17,17,20,25,340,200,20,12000,0,NULL),(18,23,18,33,3200,200,20,2000,0,NULL);
/*!40000 ALTER TABLE `route` ENABLE KEYS */;
UNLOCK TABLES;

--
-- Table structure for table `route_service`
--

DROP TABLE IF EXISTS `route_service`;
/*!40101 SET @saved_cs_client     = @@character_set_client */;
/*!40101 SET character_set_client = utf8 */;
CREATE TABLE `route_service` (
  `route_id` int(11) DEFAULT NULL,
  `service_id` int(11) DEFAULT NULL,
  `route_index` int(11) DEFAULT NULL,
  KEY `route_id_key_idx` (`route_id`),
  KEY `service_id_key_idx` (`service_id`),
  CONSTRAINT `route_id_key` FOREIGN KEY (`route_id`) REFERENCES `route` (`id`) ON DELETE NO ACTION ON UPDATE NO ACTION,
  CONSTRAINT `service_id_key` FOREIGN KEY (`service_id`) REFERENCES `service` (`id`) ON DELETE NO ACTION ON UPDATE NO ACTION
) ENGINE=InnoDB DEFAULT CHARSET=utf8;
/*!40101 SET character_set_client = @saved_cs_client */;

--
-- Dumping data for table `route_service`
--

LOCK TABLES `route_service` WRITE;
/*!40000 ALTER TABLE `route_service` DISABLE KEYS */;
INSERT INTO `route_service` VALUES (4,28,NULL),(13,29,NULL),(13,30,NULL),(4,31,NULL),(4,32,NULL),(4,33,NULL),(4,34,NULL),(4,35,NULL),(4,36,NULL),(13,37,NULL),(6,38,NULL);
/*!40000 ALTER TABLE `route_service` ENABLE KEYS */;
UNLOCK TABLES;

--
-- Table structure for table `service`
--

DROP TABLE IF EXISTS `service`;
/*!40101 SET @saved_cs_client     = @@character_set_client */;
/*!40101 SET character_set_client = utf8 */;
CREATE TABLE `service` (
  `id` int(11) NOT NULL AUTO_INCREMENT,
  `title` varchar(45) DEFAULT NULL,
  `total_time` int(11) DEFAULT NULL,
  `vessel_id` int(11) DEFAULT NULL,
  PRIMARY KEY (`id`),
  KEY `vessel_id_key_idx` (`vessel_id`),
  CONSTRAINT `vessel_id_key` FOREIGN KEY (`vessel_id`) REFERENCES `vessel` (`id`) ON DELETE NO ACTION ON UPDATE NO ACTION
) ENGINE=InnoDB AUTO_INCREMENT=39 DEFAULT CHARSET=utf8;
/*!40101 SET character_set_client = @saved_cs_client */;

--
-- Dumping data for table `service`
--

LOCK TABLES `service` WRITE;
/*!40000 ALTER TABLE `service` DISABLE KEYS */;
INSERT INTO `service` VALUES (34,'тест',NULL,17),(35,'тест рейс',NULL,18),(36,'тест рейс',NULL,17),(37,'тест рейс',NULL,18),(38,'Кадис_Петербург',NULL,17);
/*!40000 ALTER TABLE `service` ENABLE KEYS */;
UNLOCK TABLES;

--
-- Table structure for table `status`
--

DROP TABLE IF EXISTS `status`;
/*!40101 SET @saved_cs_client     = @@character_set_client */;
/*!40101 SET character_set_client = utf8 */;
CREATE TABLE `status` (
  `id` int(11) NOT NULL AUTO_INCREMENT,
  `title` varchar(45) DEFAULT NULL,
  PRIMARY KEY (`id`)
) ENGINE=InnoDB DEFAULT CHARSET=utf8;
/*!40101 SET character_set_client = @saved_cs_client */;

--
-- Dumping data for table `status`
--

LOCK TABLES `status` WRITE;
/*!40000 ALTER TABLE `status` DISABLE KEYS */;
/*!40000 ALTER TABLE `status` ENABLE KEYS */;
UNLOCK TABLES;

--
-- Table structure for table `user`
--

DROP TABLE IF EXISTS `user`;
/*!40101 SET @saved_cs_client     = @@character_set_client */;
/*!40101 SET character_set_client = utf8 */;
CREATE TABLE `user` (
  `id` int(11) NOT NULL AUTO_INCREMENT,
  `firstname` varchar(45) DEFAULT NULL,
  `lastname` varchar(45) DEFAULT NULL,
  `email` varchar(45) DEFAULT NULL,
  `login` varchar(45) DEFAULT NULL,
  `password` varchar(100) DEFAULT NULL,
  `user_role_id` int(11) NOT NULL,
  PRIMARY KEY (`id`,`user_role_id`),
  KEY `fk_user_user_role1_idx` (`user_role_id`),
  CONSTRAINT `fk_user_user_role1` FOREIGN KEY (`user_role_id`) REFERENCES `user_role` (`id`) ON DELETE NO ACTION ON UPDATE NO ACTION
) ENGINE=InnoDB AUTO_INCREMENT=7 DEFAULT CHARSET=utf8;
/*!40101 SET character_set_client = @saved_cs_client */;

--
-- Dumping data for table `user`
--

LOCK TABLES `user` WRITE;
/*!40000 ALTER TABLE `user` DISABLE KEYS */;
INSERT INTO `user` VALUES (6,'test','test',NULL,'test','MTIz',1);
/*!40000 ALTER TABLE `user` ENABLE KEYS */;
UNLOCK TABLES;

--
-- Table structure for table `user_role`
--

DROP TABLE IF EXISTS `user_role`;
/*!40101 SET @saved_cs_client     = @@character_set_client */;
/*!40101 SET character_set_client = utf8 */;
CREATE TABLE `user_role` (
  `id` int(11) NOT NULL AUTO_INCREMENT,
  `name_role` varchar(45) DEFAULT NULL,
  PRIMARY KEY (`id`)
) ENGINE=InnoDB AUTO_INCREMENT=3 DEFAULT CHARSET=utf8;
/*!40101 SET character_set_client = @saved_cs_client */;

--
-- Dumping data for table `user_role`
--

LOCK TABLES `user_role` WRITE;
/*!40000 ALTER TABLE `user_role` DISABLE KEYS */;
INSERT INTO `user_role` VALUES (1,'employee'),(2,'admin');
/*!40000 ALTER TABLE `user_role` ENABLE KEYS */;
UNLOCK TABLES;

--
-- Table structure for table `vessel`
--

DROP TABLE IF EXISTS `vessel`;
/*!40101 SET @saved_cs_client     = @@character_set_client */;
/*!40101 SET character_set_client = utf8 */;
CREATE TABLE `vessel` (
  `id` int(11) NOT NULL AUTO_INCREMENT,
  `type` varchar(45) DEFAULT NULL,
  `name` varchar(45) DEFAULT NULL,
  `load_capacity` double DEFAULT NULL,
  `average_speed` double DEFAULT NULL,
  `fuel_consumption` double DEFAULT NULL,
  `status_id` int(11) DEFAULT NULL,
  `company_id` int(11) DEFAULT NULL,
  `draught` double DEFAULT NULL,
  `length` double DEFAULT NULL,
  `width` double DEFAULT NULL,
  `masut` int(11) DEFAULT NULL,
  `diesel` int(11) DEFAULT NULL,
  PRIMARY KEY (`id`),
  KEY `status_id_key_idx` (`status_id`),
  KEY `company_id_key_idx` (`company_id`),
  CONSTRAINT `company_id_key` FOREIGN KEY (`company_id`) REFERENCES `company` (`id`) ON DELETE NO ACTION ON UPDATE NO ACTION,
  CONSTRAINT `status_id_key` FOREIGN KEY (`status_id`) REFERENCES `status` (`id`) ON DELETE NO ACTION ON UPDATE NO ACTION
) ENGINE=InnoDB AUTO_INCREMENT=34 DEFAULT CHARSET=utf8;
/*!40101 SET character_set_client = @saved_cs_client */;

--
-- Dumping data for table `vessel`
--

LOCK TABLES `vessel` WRITE;
/*!40000 ALTER TABLE `vessel` DISABLE KEYS */;
INSERT INTO `vessel` VALUES (17,'handysize',NULL,4500,55,2.2,NULL,NULL,9000,220,20,1,1),(18,'handymax',NULL,5500,32,3.1,NULL,NULL,11000,235,20,0,1),(19,'feeder',NULL,7500,65,4.2,NULL,NULL,15000,240,20,1,0),(20,'sub_panamax',NULL,8000,34,5.6,NULL,NULL,16000,270,25,1,1),(21,'panamax',NULL,9000,35,6.1,NULL,NULL,18000,290,35,1,1),(33,'тест2',NULL,2000,32,2.2,NULL,NULL,3000,250,30,0,0);
/*!40000 ALTER TABLE `vessel` ENABLE KEYS */;
UNLOCK TABLES;
/*!40103 SET TIME_ZONE=@OLD_TIME_ZONE */;

/*!40101 SET SQL_MODE=@OLD_SQL_MODE */;
/*!40014 SET FOREIGN_KEY_CHECKS=@OLD_FOREIGN_KEY_CHECKS */;
/*!40014 SET UNIQUE_CHECKS=@OLD_UNIQUE_CHECKS */;
/*!40101 SET CHARACTER_SET_CLIENT=@OLD_CHARACTER_SET_CLIENT */;
/*!40101 SET CHARACTER_SET_RESULTS=@OLD_CHARACTER_SET_RESULTS */;
/*!40101 SET COLLATION_CONNECTION=@OLD_COLLATION_CONNECTION */;
/*!40111 SET SQL_NOTES=@OLD_SQL_NOTES */;

-- Dump completed on 2017-06-12 16:02:15
